space_id,space_type,stage,next_default,title_vi,title_en,question_vi,question_en,desc_war_time_vi,desc_war_time_en,desc_subsidy_vi,desc_subsidy_en,desc_reform_vi,desc_reform_en,desc_digital_native_vi,desc_digital_native_en,effects_common,effects_war_time,effects_subsidy,effects_reform,effects_digital_native,option_1_label_vi,option_1_label_en,option_1_next,option_1_effects,option_2_label_vi,option_2_label_en,option_2_next,option_2_effects,option_3_label_vi,option_3_label_en,option_3_next,option_3_effects,notes
0,start,,1,Bắt đầu,Start,,,"Lớn lên trước năm 1975, trong bối cảnh chiến tranh và biến động; thường ưu tiên an toàn, gia đình và trách nhiệm.","Grew up before 1975 amid war and upheaval, often prioritizing safety, family, and responsibility.","Trưởng thành trong thời kỳ tem phiếu và phân phối; quen tiết kiệm, xoay xở và coi ổn định là quan trọng.","Grew up during rationing and state distribution, used to saving, making do, and valuing stability.","Lớn lên khi xã hội “mở cửa” và cơ hội tăng; coi trọng vươn lên, thử cái mới và nắm thời thế.","Grew up as society “opened up” and opportunities expanded, valuing upward mobility, trying new things, and seizing the moment.","Lớn lên cùng internet và điện thoại thông minh; quen kết nối nhanh, linh hoạt và học qua công nghệ.","Grew up with the internet and smartphones, used to fast connection, flexibility, and learning through technology.",,,,,,,,,,,,,,,,,,Original Description: START | Original Action: Player starts here
1,era_card,,2,Thế giới quanh ta,This is the world we live in!,,,Thời nhiều bất ổn; người ta coi “an toàn” và “nương tựa nhau” là ưu tiên.,"In an era of instability, people tend to prioritize safety and relying on one another.","Hàng hoá theo định mức; xếp hàng, tem phiếu; tiết kiệm và xoay xở là kỹ năng sống.","Goods are allocated by quota, with long queues and ration coupons, saving and improvising become essential life skills.","Mọi thứ bắt đầu “mở ra”: hàng hoá mới, nghề mới, cơ hội mới; ai nhanh thì có lợi thế.","Things begin to open up, new goods, new jobs, new opportunities, and those who move fast gain an advantage.",Kết nối luôn bật; thông tin đến rất nhanh; “online” ảnh hưởng mạnh đến đời sống thường ngày.,"Always-on connectivity brings information very quickly, and being online strongly shapes everyday life.",draw:era,,,,,,,,,,,,,,,,,Original Description: Era Intro | Original Action: Draw an ERA card
2,stat,,3,Ký ức tuổi thơ,Childhood memory,Có một điều “rất bình thường” trong thời bạn lớn lên mà bây giờ đã khác hẳn không?,"What was considered ""normal"" during your childhood that is completely different now?",Tuổi thơ thường gắn với gia đình và cộng đồng; niềm vui nhỏ nhưng quý.,"Childhood is often closely tied to family and community, with small joys that feel precious.","Đồ chơi ít; trẻ con hay tự chế, chơi chung, chia sẻ lượt.","There are few store-bought toys, so kids often make their own, play together, and take turns sharing.","Xuất hiện nhiều “cái mới”: TV, băng nhạc, cửa hàng, đồ dùng; tò mò và háo hức.","Many “new things” appear, TVs, music tapes, shops, household items, creating curiosity and excitement.","Tuổi thơ chia giữa thế giới ""thực"" và ""ảo""; bạn bè có thể ở cả ngoài đời lẫn online.","Childhood is split between “offline” and “online” worlds, and friends can exist both in real life and online.",,happiness:+1,happiness:+1,happiness:+2,happiness:+3,,,,,,,,,,,,,Original Description: Childhood memory | Original Action: Stat change
3,life_card,,4,Cột mốc đầu đời,First life event!,,,Nhiều người phải “lớn nhanh”; cột mốc thường gắn với trách nhiệm.,"Many people had to grow up fast, with milestones often tied to responsibility.","Cột mốc hay gắn với việc phụ gia đình: đi mua đồ, giữ chỗ, làm việc nhà, trông em.","Milestones are often tied to helping the family, buying necessities, holding a place in line, doing chores, and caring for younger siblings.","Cột mốc thường gắn với “tự quyết”: chọn hướng học/việc, thử cơ hội mới, đi xa.","Milestones are often tied to personal agency, choosing a study or work path, trying new opportunities, or moving far from home.","Cột mốc có thể xảy ra online: tài khoản đầu tiên, bài đăng đầu tiên, lần đầu “bị chú ý”.","Milestones can happen online, the first account, first post, or the first time you get “noticed.”",draw:life,,,,,,,,,,,,,,,,,Original Description: Life Intro | Original Action: Draw a LIFE card
4,stat,,5,Ước mơ thuở nhỏ,What are your dreams?,Hồi nhỏ bạn có ước mơ gì? Bây giờ bạn nghĩ ước mơ đó đã đổi như thế nào?,What dreams did you have as a child? How have your dreams changed since?,"Ước mơ thường hướng về bình yên, gia đình yên ổn, sống tử tế.","Dreams often focus on peace, a stable family life, and living with integrity.",Ước mơ hay gắn với ổn định và “lo được cho nhà”.,Dreams often center on stability and being able to provide for the family.,"Ước mơ hay gắn với vươn lên: học thêm, đổi đời, thử cái mới.","Dreams often center on moving up, studying more, changing one’s life, and trying new things.","Ước mơ đa hướng: tự do lựa chọn, bản sắc cá nhân, và cơ hội mới từ công nghệ.","Dreams become multi-directional, focusing on freedom of choice, personal identity, and new opportunities enabled by technology.",,happiness:+1,happiness:+2,happiness:+2,happiness:+3,,,,,,,,,,,,,Original Description: Aspirations | Original Action: Stat change
5,checkpoint,,,Ngã rẽ học vấn,Education route,"Chọn một trong ba lựa chọn: Đại học, Học nghề hoặc Đi làm sớm","Pick one option: Go to University, Go to Trade School or Go to Work","Thường nghiêng về học nghề hoặc học việc vì kỹ năng thực tế giúp tự lo và ứng phó với hoàn cảnh bất ổn. Đại học được coi là rất quý và đáng giá, nhưng không phải lúc nào cũng với tới nên thường chỉ là lựa chọn khi có điều kiện. Đi làm sớm thường xuất phát từ trách nhiệm và nhu cầu trước mắt hơn là lựa chọn lý tưởng.","Often leans toward vocational training or apprenticeships because practical skills help with self-reliance in unstable conditions. University is seen as highly valuable but not always attainable, so it is typically chosen only when circumstances allow. Starting work early often comes from responsibility and immediate needs rather than as an ideal choice.","Thường ưu tiên con đường đại học gắn với sự ổn định và lộ trình rõ ràng, vì “ổn định” được xem là mục tiêu quan trọng. Học nghề cũng được chấp nhận vì cho thấy hiệu quả thực dụng và dễ có việc, nhưng thường đứng sau đại học trong thứ tự ưu tiên. Đi làm sớm ít được khuyến khích, thường chỉ xảy ra khi gia đình cần thêm người phụ giúp hoặc điều kiện học tập hạn chế.","University is typically prioritized because it is associated with stability and a clear pathway, as stability is seen as the key goal. Vocational training is also accepted for being practical and job-oriented, but it usually ranks after university. Starting work early is less encouraged and often happens only when the family needs extra support or when schooling options are limited.","Thường có hai xu hướng song song: một bên vẫn xem đại học là con đường để vươn lên, bên kia sẵn sàng đi làm sớm hoặc thử cơ hội mới để nắm thời thế. Học nghề ngày càng trở nên hấp dẫn vì có thể vào nghề nhanh và phù hợp với nhu cầu thực tế. Nhìn chung, lựa chọn thường đi kèm sự cân nhắc giữa “học tiếp cho chắc” và “làm sớm để bắt cơ hội”.","Two parallel tendencies are common: one side still sees university as the path to move up, while the other is willing to start working early or try new opportunities to catch the moment. Vocational training becomes more attractive because it leads to work faster and fits practical demand. Overall, choices often involve weighing “study longer to be safe” versus “work early to seize opportunity.”","Thường ưu tiên những con đường linh hoạt và gắn chặt với kỹ năng có thể áp dụng ngay, sẵn sàng vừa học vừa làm và xây dựng năng lực qua dự án hoặc sản phẩm cụ thể. Đại học vẫn là một lựa chọn, nhưng không còn được xem là con đường mặc định; quyết định học hay không thường phụ thuộc vào việc ngành học có giúp đạt được mục tiêu rõ ràng hay không. Đi làm sớm cũng được chấp nhận hơn, và việc đổi hướng hoặc đi đường vòng được xem là bình thường.","Often prioritizes flexible paths tied closely to immediately applicable skills, is willing to study and work at the same time, and builds capability through concrete projects or outputs. University remains an option but is no longer the default path, the decision depends on whether the field helps reach clear goals. Starting work early is more accepted, and changing direction or taking a non-linear path is seen as normal.",,,,,,Đi vào đại học,Go to University,6,money:-2@turns:6;experience:+5,Đi học nghề,Go to Trade School,12,money:-2@turns:4;experience:+3,Đi làm ngay,Start Working,16,money:+1@until:occupation_choice;experience:+2,"Original Description: Pick Education Route | Original Action: Pick 1: University, Trade School or Work | Original Next Space: Depends on choice (6 - University, 12 - Trade School or 16 - Work)"
6,stat,,7,Đi vào đại học,Studying Hard,"Bạn học hiệu quả nhất bằng cách nào (tự học, học nhóm, học thuộc, làm bài tập…)? Nói 1 mẹo của bạn.","How do you best study (Self-study? Group study? Homework? Memorisation?...) Share a study ""hack"".",Việc học gắn với kỷ luật và nền nếp; “học để nên người” thường được nhắc nhiều.,"Learning is linked to discipline and proper conduct, with the idea of “studying to become a decent person” often emphasized.","Tài liệu hạn chế; học dựa vào sách vở, ghi chép và chia sẻ trong lớp.","Study materials are limited, so learning relies on textbooks, note-taking, and sharing within the class.",Thi cử và bằng cấp trở thành cơ hội để vươn lên; cạnh tranh bắt đầu rõ hơn.,"Exams and degrees become key ways to move up, and competition becomes more visible.","Học gắn với internet: tra cứu nhanh, học online, nhiều tài nguyên nhưng dễ xao nhãng.","Learning is tied to the internet, fast searching, online study, abundant resources, but easy distraction.",,money:-4,money:-2,money:-3,money:-3,,,,,,,,,,,,,Original Description: University Space 1 | Original Action: Stat change
7,life_card,,8,"Làm hết sức, chơi hết mình","Work Hard, Play Hard",Kể về một kỷ niệm đi chơi thời sinh viên/học sinh của bạn.,Recall a memory during your school days.,"Ưu tiên là ổn định và an toàn; “vui” thường giản dị, ít phô trương.","The priority is stability and safety, and “fun” tends to be simple and not showy.","Niềm vui thường đến từ tụ tập, ăn uống đơn giản, sinh hoạt tập thể.","Joy often comes from gathering together, simple food, and collective activities.",Bắt đầu có văn hoá “hustle” và tiêu dùng; vui chơi đa dạng hơn.,"A hustle and consumer culture begins to emerge, and leisure becomes more varied.",Giải trí gắn với nội dung số; ranh giới nghỉ ngơi và lướt mạng dễ bị lẫn.,"Entertainment is tied to digital content, and the line between rest and scrolling easily gets mixed.",draw:life,happiness:+1,happiness:+1,happiness:+1,happiness:+1,,,,,,,,,,,,,Original Description: University Space 4 | Original Action: Stat change
8,stat,,9,Căng thẳng quá tải,Stressing Out,Điều gì làm bạn căng thẳng nhất thời đi học? Tại sao bạn bị áp lực về điều này?,What usually stresses you out the most in school? Why were you stressed about it?,Nhiều người quen “chịu đựng và tự lo”; ít khi nói thẳng về cảm xúc.,"Many are used to enduring and handling things on their own, and are less likely to speak openly about emotions.",Áp lực thường gắn với thiếu thốn và trách nhiệm; giải toả hay dựa vào gia đình/tập thể.,"Pressure is often linked to scarcity and responsibility, and coping tends to rely on family and the collective.",Áp lực tăng vì cạnh tranh và kỳ vọng “phải vươn lên”; dễ tự so sánh.,"Pressure rises due to competition and expectations to “move up,” making self-comparison more common.",Stress dễ đến từ nhịp sống nhanh và quá tải thông tin; ranh giới online/offline mờ.,"Stress often comes from a fast pace of life and information overload, with blurred online and offline boundaries.",,health:-4,health:-3,health:-2,health:-1,,,,,,,,,,,,,Original Description: University Space 3 | Original Action: Stat change
9,stat,,10,Học bổng,Scholarship,,,Cơ hội học hành hiếm và mong manh; nhiều người phải tạm dừng hoặc đổi hướng vì hoàn cảnh.,"Educational opportunities are rare and fragile, so many have to pause or change direction due to circumstances.","Học hành thường gắn với phân bổ/đơn vị; gánh nặng tiền mặt có thể khác, nhưng “được học/được đi” là then chốt.","Education is often tied to allocation and work units, cash burden may differ, but getting the chance to study and advance is what matters most.",Chi phí và cạnh tranh tăng; học bổng và làm thêm dần thành con đường quen thuộc để theo học.,"Costs and competition increase, scholarships and part-time work gradually become common ways to stay in school.","Học phí cao và nhiều lựa chọn; phổ biến chuyện vừa học vừa làm, săn học bổng, portfolio/dự án để đổi cơ hội.","Tuition is high and options are many, it is common to study and work at the same time, chase scholarships, and use portfolios or projects to unlock opportunities.",,money:+1,money:+2,money:+3,money:+2,,,,,,,,,,,,,Original Description: University Space 2 | Original Action: Draw a LIFE card
10,era_card,,11,Thực tập,Internships,,,Con đường nghề nghiệp thường theo “nghề truyền/đường ổn định”; học việc trực tiếp rất quan trọng.,"Career paths often follow inherited trades or stable routes, and hands-on apprenticeship is very important.",Công việc thường gắn với đơn vị/tập thể; cơ hội đến qua giới thiệu và sự tin cậy.,"Work is often tied to units and the collective, with opportunities coming through referrals and trust.",Thực tập trở thành bước đệm để vào nghề; CV và kinh nghiệm bắt đầu được coi trọng.,"Internships become a stepping stone into a career, and resumes and experience start to matter more.",Thực tập có thể linh hoạt/remote; portfolio và dự án cá nhân đôi khi quan trọng hơn chức danh.,"Internships can be flexible or remote, and portfolios or personal projects can matter more than job titles.",draw:era,experience:+1,experience:+1,experience:+1,experience:+1,,,,,,,,,,,,,Original Description: University Space 5 | Original Action: Draw an ERA card
11,stat,,20,Tốt nghiệp,Graduate!,"Khoảnh khắc “kết thúc một chặng” đáng nhớ nhất của bạn là gì (tốt nghiệp, chuyển nhà, đổi việc…)? Bạn tự chúc mình điều gì lúc đó?","What were the most memorable ""chapter closing"" moment during your youth? How did you self-congratulate then?",“Tốt nghiệp” mang ý nghĩa bước vào trách nhiệm; gia đình đặt nhiều kỳ vọng vào sự trưởng thành.,"“Graduation” signals stepping into responsibility, and families place strong expectations on maturity.",Tốt nghiệp gắn với hướng đi ổn định và tập thể; niềm vui thường giản dị nhưng rất “đáng”.,"Graduation is tied to a stable, collective-oriented path, and the celebration is often simple but deeply meaningful.",Tốt nghiệp mở ra nhiều ngã rẽ; vừa háo hức vừa lo lắng vì phải tự chọn hướng đi.,"Graduation opens many possible paths, bringing both excitement and anxiety because you have to choose your direction yourself.",Tốt nghiệp thường đi kèm nỗi lo “ra đời” và áp lực so sánh; con đường nghề nghiệp khác với những thế hệ trước.,"Graduation often comes with anxiety about “entering adult life” and comparison pressure, and career paths differ from earlier generations.",,experience:+2,experience:+2,experience:+1,experience:+1,,,,,,,,,,,,,Original Description: University Space 6 | Original Action: Stat change
12,stat,,13,Học việc!,Apprenticeship!,"Bạn nghĩ thực tập nên ưu tiên điều gì nhất: học kỹ năng, kiếm tiền, hay tạo quan hệ? Chọn 1 và nói lý do.","What should an internship prioritize most: learning skills, earning money, or building connections? Choose one and say why.","Thực tập chủ yếu là học việc và chứng tỏ mình đáng tin, được người đi trước chỉ dẫn quan trọng hơn tiền.","Internships are mainly about apprenticeship and proving reliability, guidance from seniors matters more than pay.","Thực tập là bước vào nề nếp và tích lũy kinh nghiệm thực tế, quan trọng là làm đúng quy trình và được tập thể ghi nhận.","Internships are about entering a structured routine and gaining practical experience, following procedure and earning collective trust matters.","Thực tập là bàn đạp cơ hội, vừa học kỹ năng vừa tạo quan hệ để mở đường vào nghề và tăng lựa chọn.","Internships are an opportunity lever, combining skill learning and networking to open doors and expand options.","Thực tập cần ra sản phẩm và kỹ năng dùng được ngay, ưu tiên trải nghiệm thực tế, phản hồi nhanh và hồ sơ năng lực rõ.","Internships should produce tangible work and usable skills, prioritizing real experience, fast feedback, and a clear portfolio.",,money:-3,money:-3,money:-2,money:-2,,,,,,,,,,,,,Original Description: Trade School Space 1 | Original Action: Stat change
13,life_card,,14,Cẩn thận!,Be Careful!,,,"Tai nạn thường đến từ điều kiện làm việc rủi ro và thiếu bảo hộ, nên kinh nghiệm và sự cẩn trọng là “hệ thống an toàn” chính.","Injuries often come from risky conditions and limited protection, so experience and caution become the main “safety system.”","Tai nạn hay đến từ lao động nặng và việc lặp lại, nên làm đúng quy trình và để ý tập thể rất quan trọng.","Injuries often come from heavy labor and repetitive tasks, so “follow the steps” and look out for the group matters.","Tai nạn hay đến từ vội và ôm đồm, nên bài toán “nhanh hay an toàn” xuất hiện thường xuyên.","Injuries often come from rushing and taking on too much, so speed vs. safety becomes a constant trade-off.","Tai nạn có thể là thể chất hoặc tinh thần (stress/thiếu ngủ), nên “biết dừng đúng lúc” cũng là một phần của an toàn.","Injuries can be physical or mental (stress/sleep), so “knowing when to stop” becomes part of safety.",draw:life,health:-1,health:-1,health:-1,health:-1,,,,,,,,,,,,,Original Description: Trade School Space 2 | Original Action: Draw a LIFE card
14,stat,,15,Việc làm đầu tiên!,First gig!,"“Việc làm đầu tiên” thực tế nhất với bạn (hoặc người bạn biết) là gì, và bạn muốn học được điều gì nhất trong công việc đầu tiên?","What’s a realistic “first gig” for you (or someone you know), and what would you want to learn from your first job?",Việc đầu thường đến từ gia đình/cộng đồng và việc phụ giúp thực tế. Uy tín quan trọng hơn chức danh.,First jobs often start through family/community and practical help. Reliability matters more than a perfect title.,Việc đầu hay gắn với đơn vị/tổ đội và vai trò ổn định. Kỷ luật và “làm đúng phần mình” được coi trọng.,"Entry work often ties to units/teams and stable roles, where discipline and “doing your part” is valued.",Việc đầu mở rộng sang dịch vụ tư nhân và làm ăn nhỏ. Học nhanh và nắm cơ hội là then chốt.,Entry work expands into private services and small businesses. Learning fast and grabbing chances becomes key.,"Việc đầu có thể là thực tập, làm tự do, việc trên nền tảng, hoặc dự án online. Hồ sơ công việc có thể quan trọng từ sớm.","First gigs may include internships, freelance, platform work, or online projects. Portfolio can matter early.",,experience:+1,experience:+1,experience:+2,experience:+2,,,,,,,,,,,,,Original Description: Trade School Space 3 | Original Action: Stat change
15,era_card,,20,Chứng chỉ hành nghề,Fully Certified!,,,Sự “đủ nghề” thường đến từ tay nghề và tiếng tốt—được người đi trước công nhận là một dạng chứng nhận lớn.,Proof often comes from mastery and reputation—being recognized by elders/mentors is a big credential.,Sự công nhận chính thức và bậc thợ quan trọng—“được ghi nhận” tạo cảm giác chắc chắn và hợp thức.,Formal recognition and ranks matter—being “officially acknowledged” signals stability and legitimacy.,Chứng chỉ trở thành đòn bẩy—kết hợp giấy tờ và trải nghiệm để mở cửa và tăng niềm tin.,Credentials become a lever—certificates plus real experience help open doors and increase trust.,Chứng nhận có thể đa dạng: chứng chỉ ngắn hạn + sản phẩm + đánh giá—bằng chứng nằm ở thứ bạn trưng ra được.,Credentials can be mixed: micro-certificates + portfolio + reviews—proof often lives in what you can show.,draw:era,experience:+1,experience:+1,experience:+1,experience:+1,,,,,,,,,,,,,Original Description: Trade School Space 4 | Original Action: Draw an ERA card
16,stat,,17,Đi làm ngay!,Work Harder Than Others!,"Khi nào “làm tận tâm” là đáng, và khi nào nó bắt đầu có hại? Nêu một nguyên tắc của bạn.","When is working extra hard worth it, and when does it become harmful? Give one personal rule.","Cày nhiều thường gắn với trách nhiệm và sinh tồn—chịu đựng được coi trọng, nghỉ ngơi đứng sau.","Overworking often equals duty and survival—endurance is respected, rest is secondary.",Cày nhiều thể hiện sự đáng tin—làm hơn có thể đồng nghĩa “được tin” trong môi trường tập thể.,Working hard signals reliability—doing more can mean “being trusted” within a collective system.,"Cày nhiều thường gắn với bắt cơ hội—nhanh và tham vọng có thể được thưởng, nhưng cũng nhiều rủi ro.","Overworking often links to seizing opportunity—speed and ambition can be rewarded, but risky.","“Cày” trở nên liên tục và dễ thấy—nhiều nguồn việc song song, nhưng ý thức về kiệt sức cũng cao hơn.","Hustle is visible and constant—people juggle many streams, but burnout awareness is also higher.",,money:+2,money:+2,money:+1,money:+1,,,,,,,,,,,,,Original Description: Work Space 1 | Original Action: Stat change
17,era_card,,18,Cơ hội hạn hẹp,Limited Opportunity,,,“Cơ hội” thường là an toàn và một đường ổn định—được học hoặc có chỗ đứng chắc có thể đổi đời.,Opportunity often means safety and a stable path—education or a secure role can change everything.,“Cơ hội” thường là vị trí chắc chắn và an tâm—“có chỗ” là chuyện rất quan trọng.,Opportunity often means a guaranteed position and security—being “placed well” matters a lot.,"“Cơ hội” mở sang làm ăn và dịch chuyển—vốn, quan hệ và thời điểm bắt đầu quyết định.","Opportunity expands into business and mobility—capital, networks, and timing start to matter.","“Cơ hội” có thể là quyền tiếp cận: internet, nền tảng, học mở—độ lan toả có thể tăng rất nhanh.","Opportunity can be access: internet, platforms, global learning—reach can scale quickly.",draw:era,happiness:-1,happiness:-1,happiness:-2,happiness:-3,,,,,,,,,,,,,Original Description: Work Space 2 | Original Action: Draw an ERA card
18,life_card,,19,Đi sớm về khuya,No Time For Fun,,,"Vui chơi thường giản dị và mang tính chung—nghỉ là xa xỉ, khoảnh khắc cộng đồng thành chỗ thở.","Leisure is often simple and shared—rest is a luxury, community moments become the break.",Niềm vui thường đến từ quây quần—tụ tập và sinh hoạt nhỏ thay cho “thời gian rảnh”.,Fun often comes from togetherness—gatherings and small rituals substitute for “free time.”,Công việc và khát vọng dễ lấn át—cân bằng trở thành điều phải thương lượng khi muốn vươn lên.,Work and ambition can dominate—people negotiate balance while chasing upward mobility.,"Ranh giới mờ đi—làm việc, giải trí và giao tiếp trộn lẫn, nên “tắt đi” khó hơn.","Boundaries blur—work, entertainment, and social life mix, so switching off becomes harder.",draw:life,health:-3,health:-2,health:-2,health:-1,,,,,,,,,,,,,Original Description: Work Space 3 | Original Action: Draw a LIFE card
19,stat,,20,Tháng lương đầu,First Paycheck!,"Lương đầu tiên bạn sẽ ưu tiên gì: phụ gia đình, tiết kiệm, đầu tư cho bản thân, hay tự thưởng? Chọn một và nói vì sao.","What would you do with your first paycheck: support family, save, invest in yourself, or treat yourself? Choose one and say why.",Tiền thường ưu tiên nhu yếu và gia đình—đóng góp là dấu hiệu của trách nhiệm.,Income often goes to essentials and family—contributing is a sign of responsibility.,Tiền thường dồn cho gia đình và thứ khó kiếm—ổn định quan trọng hơn hưởng thụ.,Income often goes to the household and hard-to-get necessities—stability beats luxury.,Tiền hay chia ra: phụ nhà + mua công cụ/học thêm + tự thưởng một chút.,Income may split: help family + invest in tools/learning + a small reward for effort.,"Tiền có thể dành cho thiết bị, dịch vụ, học kỹ năng, hoặc trải nghiệm—chi tiêu linh hoạt nhưng dễ “bay” nhanh.","Income can go to devices, subscriptions, learning, or experiences—spending can be flexible but fast.",,money:+2,money:+2,money:+1,money:+1,,,,,,,,,,,,,Original Description: Work Space 4 | Original Action: Stat change
20,occupation_choice,,21,Chọn nghề nghiệp,Pick an occupation!,"Khi chọn nghề, bạn ưu tiên điều gì nhất từ công việc, và vì sao?","When choosing an occupation, what do you prioritize most from a career, and why?","Nghề phổ biến thường là quân đội, công chức, giáo viên, y tế, nông nghiệp hoặc nghề thủ công; điều tìm kiếm là sự an toàn, danh dự, và làm tròn trách nhiệm với gia đình.","Common jobs often include military service, civil service, teaching, healthcare, farming, or crafts; the main goals are safety, dignity, and fulfilling responsibility to family.","Nghề phổ biến thường gắn với đơn vị và công việc ổn định như công chức, giáo viên, y tế, kỹ thuật, công nhân nhà máy; điều tìm kiếm là ổn định lâu dài, nề nếp rõ ràng, và sự công nhận trong tập thể.","Common jobs often connect to stable roles in organizations such as civil service, teaching, healthcare, engineering, factory work; the main goals are long-term stability, clear structure, and recognition within the collective.","Nghề phổ biến mở rộng sang khu vực tư nhân như kinh doanh nhỏ, bán hàng, dịch vụ, sản xuất, xây dựng, ngân hàng, công việc văn phòng; điều tìm kiếm là cơ hội vươn lên, thu nhập tốt hơn, và “mở cửa” cho lựa chọn mới.","Common jobs expand into the private sector such as small business, sales, services, manufacturing, construction, banking, office roles; the main goals are upward mobility, higher income, and opening new options.","Nghề phổ biến đa dạng và gắn với kỹ năng như công nghệ, thương mại điện tử, truyền thông số, sáng tạo nội dung, làm tự do, công việc dự án; điều tìm kiếm là linh hoạt, phù hợp bản thân, học nhanh, và nhìn thấy kết quả rõ qua sản phẩm.","Common jobs are diverse and skill-driven such as technology, e-commerce, digital media, content creation, freelance and project work; the main goals are flexibility, personal fit, fast learning, and clear results shown through output.",,,,,,,,,,,,,,,,,,Original Description: Pick An Occupation | Original Action: Pick based on education (diploma) and experience
21,optional_choice,,22,Tự thưởng,Self-Reward,"Khi bạn làm được một việc đáng tự hào, bạn thường tự thưởng bằng gì nhất?","When you accomplish something you are proud of, how do you usually reward yourself?","Tự thưởng thường giản dị, ưu tiên trách nhiệm và nhu cầu thiết yếu hơn là hưởng thụ cá nhân.","Self-reward is often modest, prioritizing duty and essentials over personal indulgence.","Tự thưởng thường thực tế và tiết kiệm, hay chọn thứ hữu dụng hoặc để dành cho gia đình.","Self-reward tends to be practical and frugal, often choosing something useful or saving for family.","Tự thưởng rõ hơn như một cách tự động viên, có thể là mua món mình thích hoặc một trải nghiệm nhỏ.","Self-reward becomes more visible as motivation, such as buying something desired or a small experience.","Tự thưởng hay gắn với trải nghiệm và tiện ích nhanh, đôi khi là đồ công nghệ hoặc dịch vụ số.","Self-reward often leans toward experiences and instant convenience, sometimes tech items or digital services.",,,,,,Mình xứng đáng mà!,We deserve it!,22,money:-4;happiness:+4,Để dành tốt hơn!,Better save it!,22,money:+4;happiness:-4,,,,,Original Description: Workplace Experience | Original Action: Stat change
22,optional_choice,,23,Học lên cao,Higher Education,"Nếu có cơ hội học tiếp, bạn sẽ học gì và để làm gì?","If you had the chance to study further, what would you study and what for?","Học lên cao là cơ hội hiếm, thường gắn với danh dự, trách nhiệm và con đường ổn định.","Further study is a rare opportunity, often tied to honor, responsibility, and a stable path.",Học lên cao thường gắn với vị trí ổn định và sự công nhận chính thức trong lộ trình rõ ràng.,Further study is often linked to stable placement and official recognition within a clear track.,"Học lên cao là cách mở cơ hội và vươn lên, bằng cấp được xem như đòn bẩy nghề nghiệp.","Further study is a way to open opportunities and move up, with degrees seen as a career lever.","Học lên cao có nhiều dạng, kể cả học online, ưu tiên kỹ năng áp dụng được và hướng đi linh hoạt.","Further study takes many forms, including online learning, prioritizing usable skills and flexible pathways.",,,,,,Học thêm càng tốt!,Knowledge is power!,23,money:-3;experience:+2,Không cần lắm,Can do without it,23,,,,,,Original Description: Higher Education | Original Action: Stat change (only if have uni degree)
23,life_card,,24,Cả nhà đi chơi!,Family Vacation,,,"Đi chơi thường gần và giản dị, thăm người thân hoặc đi nơi quen, quý nhất là được ở bên nhau.","Outings are often nearby and simple, visiting relatives or familiar places, with togetherness valued most.","Đi chơi thường tiết kiệm và thực tế, hay về quê hoặc hoạt động gắn kết hơn là đi xa.","Trips tend to be budget-conscious and practical, often hometown visits or bonding activities rather than going far.","Đi du lịch phổ biến hơn, có thể dành dụm để đi xa, trải nghiệm mới trở thành kỷ niệm đáng giá.","Travel becomes more common, saving up to go farther, with new experiences becoming valued memories.","Đi chơi gắn với đặt vé nhanh, xem đánh giá, chụp hình và chia sẻ, ưu tiên trải nghiệm “đáng thử”.","Trips are tied to fast booking, reviews, photos, and sharing, prioritizing “worth it” experiences.",draw:life,happiness:+3,happiness:+2,happiness:+1,happiness:+1,,,,,,,,,,,,,Original Description: Family Story | Original Action: Draw a LIFE card
24,stat,,25,Kiệt sức!,Burnout!,"Khi bạn thấy kiệt sức, dấu hiệu đầu tiên của bạn là gì, và bạn thường làm gì để hồi lại?","When you feel burned out, what is your first sign, and what do you do to recover?","Kiệt sức thường bị chịu đựng cho qua, ưu tiên hoàn thành việc trước rồi mới nghỉ.","Burnout is often pushed through, prioritizing finishing duties before resting.","Kiệt sức hay được xử lý bằng kỷ luật và nhịp sinh hoạt, dựa vào gia đình hoặc tập thể để trụ vững.","Burnout is often managed through discipline and routine, leaning on family or the collective to keep going.","Kiệt sức gắn với áp lực làm nhiều và vươn lên, cần học cách cân bằng để tránh quá tải dài hạn.","Burnout links to pressure to work more and move up, requiring balance to avoid long-term overload.","Kiệt sức dễ đến từ trạng thái luôn kết nối và quá tải thông tin, cần ranh giới rõ và nghỉ ngơi thật sự.","Burnout is amplified by always-on connectivity and information overload, needing clear boundaries and real rest.",,health:-4,health:-3,health:-2,health:-2,,,,,,,,,,,,,Original Description: Personal Experience | Original Action: Stat change
25,checkpoint,,,Ngã rẽ nhà ở,Pick a housing option,"Khi chọn chỗ ở, bạn ưu tiên điều gì nhất, và vì sao?","When choosing where to live, what is your top priority, and why?","Ưu tiên sự an toàn và ở gần người thân, nhà là chỗ nương tựa và gắn kết.","Prioritizes safety and staying close to family, home is a place of support and connection.","Ưu tiên ổn định và tiện sinh hoạt, gần nơi làm việc và hợp nề nếp gia đình.","Prioritizes stability and daily convenience, often near work and aligned with family routines.","Ưu tiên tính thực dụng và khả năng “an cư”, cân giữa vị trí, giá cả và cơ hội vươn lên.","Prioritizes practicality and settling down, balancing location, cost, and upward mobility.","Ưu tiên sự linh hoạt và riêng tư, cân giữa chi phí, thời gian di chuyển và phong cách sống.","Prioritizes flexibility and privacy, balancing cost, commute time, and lifestyle.",,,,,,Đi mua nhà,Buy a Home,26,money:-4@turns:8;set_housing:buy,Đi thuê nhà,Rent a Home,30,set_housing:rent;money:-2@per_turn,Ở với gia đình,Live with Family,34,set_housing:family_home,"Original Description: Pick Housing Route | Original Action: Pick based on income available | Original Next Space: Depends on choice (26 - Buy, 30 - Rent, or 34 - Move in)"
26,stat,,27,Đi mua nhà,Buying a home,"Khi mua nhà, bạn nghĩ yếu tố quan trọng nhất là gì?","When buying a home, what do you think is the most important factor?","Quan trọng nhất là an toàn và bền chắc, mái che vững và đủ chỗ cho gia đình.","Most important is safety and durability, a solid shelter with space for family.","Quan trọng nhất là ổn định và tiện ích cơ bản, gần chỗ làm và dễ sinh hoạt lâu dài.","Most important is stability and basic utilities, near work and workable long-term.","Quan trọng nhất là vị trí và khả năng chi trả, mua để an cư và giữ giá trị.","Most important is location and affordability, buying to settle and preserve value.","Quan trọng nhất là khả năng trả nợ và chất lượng sống, cân giữa tiện nghi, kết nối và tương lai.","Most important is loan affordability and quality of life, balancing comfort, connectivity, and future plans.",,money:-2,money:-3,money:-4,money:-4,,,,,,,,,,,,,Original Description: Buy Space 1 | Original Action: Stat change
27,era_card,,28,Bất động sản bất ổn,Real Estate Market,,,"Nhà ở gắn với thiếu thốn và biến động, nhiều gia đình sống chung và ưu tiên chỗ ở an toàn.","Housing is shaped by scarcity and instability, many households share space and prioritize safety.","Nhà ở gắn với phân bổ và tập thể, “có chỗ ở” quan trọng hơn chuyện mua bán thị trường.","Housing is tied to allocation and collective living, having a place matters more than market buying and selling.","Thị trường bắt đầu sôi động, giá tăng nhanh theo đô thị hóa, mua nhà thành mục tiêu lớn.","The market becomes active, prices rise with urbanization, home ownership becomes a major goal.","Giá nhà cao và cạnh tranh, áp lực khả năng chi trả lớn, thị trường biến động và dễ bị đầu cơ.","Prices are high and competitive, affordability pressure is heavy, the market is volatile and often speculative.",draw:era,,,,,,,,,,,,,,,,,Original Description: Buy Space 2 | Original Action: Draw an ERA card
28,stat,,29,Nhà xuống cấp,Fixer Upper,"Khi dọn vào nhà mới, bạn sẽ sửa hoặc nâng cấp điều gì đầu tiên?","When moving into a new home, what would you fix or upgrade first?","Ưu tiên an toàn và che chắn, mái, nền, cửa, chống dột và chống ẩm.","Prioritizes safety and protection, roof, floor, doors, stopping leaks and dampness.","Ưu tiên tiện nghi cơ bản, điện nước, bếp, chỗ ngủ và sắp xếp gọn gàng.","Prioritizes basic utilities, electricity and water, kitchen, sleeping space, and tidy layout.","Ưu tiên tiện dụng và thẩm mỹ vừa đủ, bếp, nhà vệ sinh, sơn sửa, đồ dùng thiết yếu.","Prioritizes usability with decent aesthetics, kitchen, bathroom, repainting, essential furnishings.","Ưu tiên kết nối và không gian sống, mạng, bàn làm việc, cách âm, ánh sáng và lưu trữ.","Prioritizes connectivity and living setup, internet, workspace, sound control, lighting, and storage.",,health:-2,health:-2,health:-2,health:-2,,,,,,,,,,,,,Original Description: Buy Space 3 | Original Action: Stat change
29,life_card,,38,Áp lực nợ,Debt Pressure,,,"Nợ lớn là rủi ro, thường ưu tiên chắc chắn và tránh mạo hiểm cho cả nhà.","Big debt feels risky, often prioritizing certainty and avoiding danger for the household.","Nợ lớn dễ gây bất an, thường muốn có kế hoạch rõ và “đứng vững” trước khi vay.","Big debt can feel unsafe, often wanting a clear plan and stability before borrowing.","Nợ lớn có thể chấp nhận nếu mở đường an cư, miễn là tính toán được và có lối thoát.","Big debt can be acceptable if it enables settling down, as long as it is calculated and has an exit path.","Nợ lớn được cân như một chiến lược, nhưng nhạy với áp lực dài hạn và rủi ro biến động thu nhập.","Big debt is weighed as a strategy, but long-term pressure and income volatility feel risky.",draw:life,happiness:-2,happiness:-2,happiness:-3,happiness:-4,,,,,,,,,,,,,Original Description: Buy Space 4 | Original Action: Draw a LIFE card
30,stat,,31,Đi thuê nhà,Renting,Bạn nghĩ thuê nhà là lựa chọn tạm thời hay có thể là một cách sống lâu dài?,"Do you see renting as temporary, or can it be a long-term way of living?","Thuê nhà thường là tạm bợ, ai cũng muốn có chỗ ở ổn định và gần người thân.","Renting feels temporary, stability and family proximity are preferred.","Thuê nhà là giải pháp khi chưa có điều kiện, ưu tiên là ổn định và ít thay đổi.","Renting is a stopgap when conditions are limited, stability and fewer changes are preferred.","Thuê nhà có thể là bước đệm để dành dụm mua nhà, nhưng vẫn hướng tới an cư.","Renting can be a bridge to save for buying, but the goal is still to settle.","Thuê nhà có thể là lựa chọn linh hoạt, miễn là phù hợp ngân sách, tiện đi lại và chất lượng sống.","Renting can be a flexible choice, as long as it fits budget, commute, and quality of life.",,money:-1,money:-2,money:-3,money:-3,,,,,,,,,,,,,Original Description: Rent Space 1 | Original Action: Stat change
31,era_card,,32,Chưa ổn định,Still Exploring,,,"Biến động và trách nhiệm gia đình, hoàn cảnh thay đổi khiến phải di chuyển hoặc sống chung.","Instability and family duties, changing circumstances force moves or shared living.","Phân công công việc và điều kiện nhà ở, nhiều thứ phụ thuộc sắp xếp của gia đình hoặc tập thể.","Work assignment and housing conditions, many things depend on family or collective arrangements.","Cơ hội việc làm và mục tiêu an cư, vừa muốn tiến lên vừa phải tính toán tài chính.","Job opportunities and settling goals, balancing ambition with financial planning.","Công việc linh hoạt và chi phí, thay đổi chỗ ở theo dự án, giá thuê, hoặc lối sống.","Flexible work and costs, moving with projects, rent prices, or lifestyle.",draw:era,,,,,,,,,,,,,,,,,Original Description: Rent Space 2 | Original Action: Draw an ERA card
32,stat,,33,Mâu thuẫn khi ở thuê,Housemates & Landlord Conflicts,Xung đột ở chung thường bắt đầu từ chuyện gì nhất trong nhà?,What most often triggers conflicts when living together?,"Xung đột hay đến từ nề nếp và vai vế, cách ứng xử, tôn trọng và việc nhà.","Conflicts often come from hierarchy and norms, behavior, respect, and chores.","Xung đột hay đến từ chia sẻ không gian và tài nguyên, giờ giấc, vệ sinh, dùng chung đồ.","Conflicts often come from shared space and resources, schedules, cleanliness, shared items.","Xung đột hay đến từ tiền bạc và ranh giới, đóng góp chi phí, tiếng ồn và khác thói quen.","Conflicts often come from money and boundaries, splitting costs, noise, and different habits.","Xung đột hay đến từ riêng tư và giao tiếp, quy tắc chung, bạn bè tới chơi và thời gian yên tĩnh.","Conflicts often come from privacy and communication, shared rules, visitors, and quiet time.",,happiness:-2,happiness:-3,happiness:-3,happiness:-2,,,,,,,,,,,,,Original Description: Rent Space 3 | Original Action: Stat change
33,life_card,,38,Nay đây mai đó,Here Today Gone Tomorrow,,,"Di chuyển thường vì hoàn cảnh, nên ưu tiên chỗ ở an toàn hơn là trải nghiệm.","Mobility is often driven by necessity, safety matters more than experience.","Di chuyển thường theo công việc và sắp xếp, mục tiêu là ổn định chứ không phải đổi chỗ cho vui.","Mobility often follows work and arrangements, the goal is stability rather than novelty.","Di chuyển có thể là để tìm cơ hội tốt hơn, chấp nhận tạm bợ trong giai đoạn vươn lên.","Moving can be to chase better opportunities, temporary living is accepted during upward phases.","Di chuyển có thể là lối sống, thích linh hoạt và trải nghiệm, nhưng vẫn cần điểm tựa và ranh giới riêng.","Mobility can be a lifestyle, valuing flexibility and experiences, but still needing a base and boundaries.",draw:life,,,,,,,,,,,,,,,,,Original Description: Rent Space 4 | Original Action: Draw a LIFE card
34,stat,,35,Ở với gia đình,Move back in,Bạn cảm thấy thế nào khi sống chung lại với gia đình trong một thời gian?,How do you feel about moving back in with family for a period of time?,"Sống chung là điều bình thường, gắn với trách nhiệm và chăm lo lẫn nhau.","Living together is normal, tied to duty and mutual care.","Sống chung là thực tế và tiết kiệm, miễn là giữ nề nếp và hòa khí.","Living together is practical and cost-saving, as long as routines and harmony are maintained.","Sống chung có thể là giải pháp để dành dụm, nhưng dễ căng vì khác thói quen và kỳ vọng.","Living together can help save, but friction grows from different habits and expectations.","Sống chung là lựa chọn khó vì riêng tư, nhưng đôi khi cần thiết do chi phí và mục tiêu ngắn hạn.","Living together can feel hard due to privacy, but sometimes necessary for cost and short-term goals.",,money:+3,money:+2,money:+2,money:+1,,,,,,,,,,,,,Original Description: Move In Space 1 | Original Action: Stat change
35,life_card,,36,Nhà đông người!,Full House!,,,"Thường vì vai vế và trách nhiệm, ai lo việc gì, ai được ưu tiên và cách nói chuyện.","Often due to hierarchy and duties, who does what, who gets priority, and communication tone.","Thường vì thiếu không gian và phân chia dùng chung, giờ giấc, vệ sinh và quyền lợi.","Often due to limited space and shared-use rules, schedules, cleanliness, and fairness.","Thường vì tiền bạc và quan điểm sống, đóng góp, nuôi con, chi tiêu và áp lực thành công.","Often due to money and lifestyle views, contributions, parenting, spending, and success pressure.","Thường vì riêng tư và lối sống, tiếng ồn, thời gian cá nhân, thiết bị và ranh giới.","Often due to privacy and lifestyle, noise, personal time, devices, and boundaries.",draw:life,,,,,,,,,,,,,,,,,Original Description: Move In Space 2 | Original Action: Draw a LIFE card
36,life_card,,37,Nhiều thời gian rảnh,Great Savings!,,,"Tiết kiệm bằng cách dùng bền, sửa chữa, tận dụng lại và chia sẻ trong nhà.","Saving comes from durability, repairing, reusing, and sharing within the household.","Tiết kiệm bằng kế hoạch và kỷ luật, mua đúng cần, nấu tại nhà và hạn chế lãng phí.","Saving comes from planning and discipline, buying only what is needed, home cooking, reducing waste.","Tiết kiệm bằng ngân sách rõ ràng, so sánh giá, mua theo đợt và ưu tiên khoản lớn.","Saving comes from clear budgeting, price comparison, batch buying, prioritizing big expenses.","Tiết kiệm bằng theo dõi chi tiêu, săn ưu đãi, tối ưu dịch vụ và cắt bớt thứ không cần.","Saving comes from tracking spending, using discounts, optimizing services, cutting unnecessary items.",draw:life,,,,,,,,,,,,,,,,,Original Description: Move In Space 3 | Original Action: Draw a LIFE card
37,stat,,38,Thiếu tự do riêng,No Independence,"Bạn coi trọng quyền riêng tư trong nhà đến mức nào, và ranh giới quan trọng nhất của bạn là gì?","How important is privacy at home to you, and what is your most important boundary?","Riêng tư thường đứng sau tập thể và gia đình, nhưng vẫn cần tôn trọng và giữ ý trong lời nói.","Privacy often comes after family and community, but respect and careful speech still matter.","Riêng tư có nhưng gắn với nề nếp, quan trọng là biết điều và giữ hòa khí trong nhà.","Privacy exists but follows household norms, the key is propriety and harmony.","Riêng tư ngày càng được coi trọng, cần không gian riêng và quyền tự quyết trong sinh hoạt.","Privacy becomes more valued, needing personal space and autonomy in daily routines.","Riêng tư rất quan trọng, cần ranh giới rõ ràng về thời gian cá nhân, không gian, và quyền được yên tĩnh.","Privacy is highly valued, needing clear boundaries on personal time, space, and the right to quiet.",,happiness:-1,happiness:-2,happiness:-4,happiness:-3,,,,,,,,,,,,,Original Description: Move In Space 4 | Original Action: Stat change
38,hobby_choice,,39,Chọn sở thích!,Pick a hobby!,"Nếu chỉ được chọn một sở thích để theo lâu dài, bạn sẽ chọn gì và vì sao?","If you could choose only one hobby to stick with long-term, what would it be and why?","Sở thích thường giản dị và ít tốn kém, thiên về hoạt động gắn với cộng đồng, gia đình, và sự bền bỉ.","Hobbies tend to be simple and low-cost, leaning toward community, family, and long-lasting routines.","Sở thích hay mang tính tập thể hoặc thực tế, ưu tiên giải trí nhẹ và dễ duy trì trong sinh hoạt thường ngày.","Hobbies often feel collective or practical, favoring light entertainment that fits daily routines.","Sở thích đa dạng hơn khi đời sống mở ra, nhiều người chọn hoạt động để giải tỏa áp lực và mở rộng quan hệ.","Hobbies diversify as life opens up, often used for stress relief and expanding social circles.","Sở thích có thể gắn với online và cá nhân hóa, dễ theo xu hướng và kết hợp với nội dung số.","Hobbies can be online and personalized, trend-driven and mixed with digital content.",,,,,,,,,,,,,,,,,,Original Description: Mid-life Reality Check | Original Action: Pick from list
39,era_card,,40,Biến đổi xã hội,Tides of Change,,,"Thay đổi lớn thường gắn với chiến tranh và biến động, khiến người ta ưu tiên an toàn, gia đình, và sự chịu đựng.","Major change is often tied to war and upheaval, prioritizing safety, family, and endurance.","Thay đổi lớn gắn với đời sống thiếu thốn và phân phối, hình thành thói quen tiết kiệm, chờ đợi, và nương tựa tập thể.","Major change is shaped by rationing and scarcity, building habits of saving, waiting, and relying on the collective.","Thay đổi lớn gắn với mở cửa và thị trường, hàng hóa, nghề nghiệp, và cơ hội tăng nhanh, nhịp sống cũng nhanh hơn.","Major change comes with opening and market growth, with goods, jobs, and opportunities rising quickly and life speeding up.","Thay đổi lớn gắn với internet và mạng xã hội, thông tin nhanh, kết nối liên tục, và áp lực so sánh tăng mạnh.","Major change is driven by the internet and social media, faster information, constant connection, and stronger comparison pressure.",draw:era,,,,,,,,,,,,,,,,,Original Description: Era Event | Original Action: Draw an ERA card
40,occupation_choice,,41,Đổi việc,Change of Occupation,"Điều gì khiến bạn quyết định đổi nghề hoặc ở lại, nêu một lý do quan trọng nhất?","What makes you decide to change jobs or stay, name the single most important reason.","Thường ưu tiên trách nhiệm và ổn định, đổi nghề hay do hoàn cảnh ép buộc hoặc để bảo vệ gia đình.","Often prioritizes duty and stability, job changes happen when forced by circumstances or to protect family.","Thường coi trọng vị trí chắc chắn và nề nếp, đổi nghề là chuyện lớn và thường chỉ khi không còn lựa chọn.","Often values secure placement and routine, changing jobs is major and usually only when there is no other option.","Thường đổi nghề để tăng thu nhập hoặc nắm cơ hội mới, sẵn sàng thử hướng khác nếu thấy có đường lên.","Often changes jobs to raise income or seize new opportunities, willing to pivot if it enables upward movement.","Thường đổi nghề vì sự phù hợp và phát triển, ưu tiên linh hoạt, học kỹ năng mới, và tránh kiệt sức dài hạn.","Often changes jobs for fit and growth, prioritizing flexibility, new skills, and avoiding long-term burnout.",,,,,,,,,,,,,,,,,,Original Description: Occupation Change | Original Action: Pick based on education (diploma) and experience
41,stat,,42,Tín ngưỡng,Belief and Faith,"Niềm tin hoặc tín ngưỡng có vai trò gì trong đời bạn, và bạn thể hiện nó như thế nào nếu có?","What role do belief or faith play in your life, and how do you express it if at all?","Niềm tin thường gắn với truyền thống gia đình và cộng đồng, thể hiện qua nghi lễ, thờ cúng, và đạo lý sống.","Belief often ties to family and community tradition, expressed through rituals, ancestor worship, and moral values.","Niềm tin thường kín đáo và thực hành trong gia đình, giữ các nếp lễ và sự kiêng kỵ quen thuộc.","Belief is often private and practiced within the household, keeping familiar rituals and taboos.","Niềm tin đa dạng hơn và có thể cởi mở hơn, vừa giữ truyền thống vừa tiếp nhận nhiều ảnh hưởng mới.","Belief becomes more diverse and sometimes more open, keeping tradition while absorbing new influences.","Niềm tin có thể mang tính cá nhân hóa, tìm hiểu qua mạng, tham gia cộng đồng online, hoặc chọn cách sống không tôn giáo.","Belief can be individualized, explored online, joined through digital communities, or expressed as a non-religious lifestyle.",,happiness:+4,happiness:+3,happiness:+2,happiness:+1,,,,,,,,,,,,,Original Description: Spirituality | Original Action: Stat change
42,life_card,,43,Khủng hoảng tuổi trung niên,Mid-Life Crisis,,,"Chông chênh thường đến từ sức khỏe và gánh nặng gia đình, ưu tiên là giữ bình yên và chăm lo người thân.","Unsteadiness often comes from health and family burdens, prioritizing keeping peace and caring for loved ones.","Chông chênh thường đến từ áp lực ổn định và trách nhiệm, vượt qua bằng kỷ luật, chịu đựng, và nương vào gia đình.","Unsteadiness often comes from stability pressure and responsibility, managed through discipline, endurance, and family support.","Chông chênh thường đến từ áp lực thành công, nợ nần, và lo cho hai đầu thế hệ, cần cân bằng giữa công việc và đời sống.","Unsteadiness often comes from success pressure, debt, and sandwich responsibilities, requiring balance between work and life.","Chông chênh thường đến từ kiệt sức và so sánh, cảm giác tụt hậu, cần ranh giới rõ, chăm sóc sức khỏe tinh thần, và điều chỉnh mục tiêu.","Unsteadiness often comes from burnout and comparison, fear of falling behind, needing boundaries, mental health care, and goal resets.",draw:life,happiness:-2,happiness:-2,happiness:-4,happiness:-3,,,,,,,,,,,,,Original Description: Life Event | Original Action: Draw a LIFE card
43,stat,,44,Lên chức!,Career Moving Up!,"Theo bạn, cách hiệu quả nhất để thăng tiến là gì, và bạn sẽ làm bước nào trước?","What is the most effective way to move up in a career, and what first step would you take?","Thăng tiến dựa vào uy tín và sự bền bỉ, làm tốt việc mình làm, giữ chữ tín và được người đi trước công nhận.","Advancement relies on reputation and perseverance, doing your job well, keeping trust, and earning senior recognition.","Thăng tiến dựa vào nề nếp và quan hệ trong tổ chức, làm đúng quy trình, tích lũy thâm niên, và được tập thể tin.","Advancement relies on organizational norms and relationships, following procedure, building tenure, and earning collective trust.","Thăng tiến dựa vào kết quả và cơ hội, học thêm, mở quan hệ, nhận việc khó để chứng minh năng lực.","Advancement relies on results and opportunity, upskilling, networking, taking hard tasks to prove capability.","Thăng tiến dựa vào kỹ năng cập nhật và minh chứng rõ, xây dự án, hồ sơ sản phẩm, thương lượng tốt, và chọn môi trường phù hợp.","Advancement relies on up-to-date skills and clear proof, building projects and a portfolio, negotiating well, and choosing the right environment.",,money:+3;experience:+2,money:+3;experience:+1,money:+2;experience:+2,money:+2;experience:+1,,,,,,,,,,,,,Original Description: Promotion? | Original Action: Stat change
44,checkpoint,,,Hẹn hò hay không?,To date or not to date?,"Bạn nghiêng về hẹn hò hay độc thân ở giai đoạn này, và vì sao?","Do you lean toward dating or staying single at this stage, and why?","Hẹn hò thường gắn với lập gia đình và trách nhiệm, ưu tiên sự nghiêm túc và ổn định hơn là thử nghiệm.","Dating is often tied to marriage and duty, prioritizing seriousness and stability over experimentation.","Hẹn hò thường được nhìn qua lăng kính ổn định và nề nếp, kỳ vọng rõ ràng về hôn nhân và vai trò.","Dating is often viewed through stability and norms, with clear expectations around marriage and roles.","Hẹn hò có nhiều lựa chọn hơn, vừa coi trọng tình cảm vừa cân nhắc cơ hội sống và áp lực kinh tế.","Dating has more options, valuing feelings while weighing life opportunities and economic pressure.","Hẹn hò mang tính lựa chọn cá nhân cao, có thể ưu tiên hợp gu và tự do, đồng thời ngại ràng buộc sớm.","Dating is highly individualized, often prioritizing compatibility and freedom while avoiding early commitment.",,,,,,Độc thân,Stay Single,45,set_relationship:single;happiness:+1@per_turn,Hẹn hò,Start Dating,53,set_relationship:dating;happiness:+1@per_turn,,,,,Original Description: Relationship Status | Original Action: Pick relationship status | Original Next Space: Depends on choice (45 - Single or 53 - Dating)
45,stat,,47,Độc thân vui tính,Single but won't Mingle,Điều gì thường khiến bạn chọn ở một mình thay vì hẹn hò?,What usually makes you choose being single instead of dating?,"Thường vì trách nhiệm gia đình và hoàn cảnh, đôi khi là mất mát hoặc ưu tiên sự yên ổn.","Often due to family responsibilities and circumstances, sometimes loss or prioritizing peace.","Thường vì lo ổn định và tránh rủi ro, ngại rắc rối và muốn giữ nề nếp cuộc sống.","Often due to seeking stability and avoiding risk, disliking complications and keeping routine.","Thường vì tập trung cho sự nghiệp và điều kiện sống, hoặc chưa muốn ràng buộc khi đang vươn lên.","Often due to focusing on career and living conditions, or avoiding commitment while moving up.","Thường vì ưu tiên phát triển bản thân, chọn tự do, hoặc không tìm thấy người phù hợp trong nhịp sống nhanh.","Often due to self-development, choosing freedom, or not finding a good match in a fast-paced life.",,happiness:-3,happiness:-2,happiness:+3,happiness:+2,,,,,,,,,,,,,Original Description: Single Space 1 | Original Action: Stat change
47,life_card,,48,Tự bầu bạn,Keeping Myself Company,,,"Giữ mình bận rộn bằng việc nhà, chăm cây, nghe đài, đọc báo, hoặc trò chuyện với hàng xóm và người thân.","Stays engaged with household tasks, gardening, radio, newspapers, or chatting with neighbors and relatives.","Giải trí bằng thói quen đều đặn như nấu ăn, xem chương trình, đi chợ, tụ tập nhỏ với người quen.","Entertains through steady routines like cooking, watching programs, shopping, small gatherings with familiar people.","Giữ vui bằng bạn bè và sở thích như thể thao, cà phê, phim, du lịch ngắn, hoặc học một kỹ năng mới.","Finds joy through friends and hobbies like sports, coffee meetups, movies, short trips, or learning a new skill.","Giải trí bằng nội dung số và sở thích cá nhân như game, xem video, tham gia cộng đồng online, hoặc làm dự án cá nhân.","Entertains through digital content and personal hobbies like gaming, videos, online communities, or personal projects.",draw:life,,,,,,,,,,,,,,,,,Original Description: Single Space 2 | Original Action: Draw a LIFE card
48,optional_choice,,49,Những ưu tiên khác,Other priorities,"Ngoài hẹn hò, ưu tiên lớn nhất của bạn hiện tại là gì?","Besides dating, what is your biggest priority right now?","Ưu tiên là gia đình và sự yên ổn, chăm lo người thân và giữ nếp sống vững vàng.","Priority is family and peace, caring for loved ones and maintaining a steady life.","Ưu tiên là ổn định và trách nhiệm, lo kinh tế gia đình và giữ nền tảng chắc chắn.","Priority is stability and duty, supporting household finances and keeping a solid foundation.","Ưu tiên là vươn lên và xây dựng cuộc sống, sự nghiệp, nhà cửa và tương lai.","Priority is moving up and building life, career, housing, and future plans.","Ưu tiên là phát triển bản thân và chất lượng sống, sức khỏe tinh thần, mục tiêu cá nhân và tự do lựa chọn.","Priority is self-growth and quality of life, mental health, personal goals, and freedom of choice.",,,,,,Học kỹ năng mới?,Learn something new?,49,experience:+2,Chăm sóc bản thân,Take care of yourself better,49,health:+3,Kiếm thêm thu nhập?,Extra income?,49,money:+3,Original Description: Single Space 3 | Original Action: Stat change
49,era_card,,50,Thế giới của người độc thân,The World of Single People,,,"Độc thân thường bị xem là chuyện lạ hoặc buồn, xã hội hay hỏi han và gán kỳ vọng lập gia đình.","Singlehood is often seen as unusual or sad, with frequent questions and expectations to marry.","Độc thân thường bị soi qua chuẩn mực, dễ bị nhắc nhở và so sánh với bạn bè cùng lứa.","Singlehood is judged against norms, often reminded and compared with peers.","Độc thân dần được chấp nhận hơn, nhưng vẫn có áp lực tuổi tác và thành đạt, nhất là trong họ hàng.","Singlehood is more accepted, but age and success pressure remains, especially in extended family circles.","Độc thân được bình thường hóa hơn, nhưng vẫn có định kiến ngầm và áp lực từ mạng xã hội hoặc văn hóa so sánh.","Singlehood is more normalized, but subtle stigma and social-media comparison pressure persist.",draw:era,,,,,,,,,,,,,,,,,Original Description: Single Space 4 | Original Action: Draw an ERA card
50,stat,,52,Gia đình lo lắng,Concerned Family,Gia đình thường phản ứng ra sao khi trong nhà có người độc thân lâu?,How does family typically react when someone stays single for a long time?,"Gia đình hay lo lắng và thúc giục, coi lập gia đình là chỗ dựa và trách nhiệm nối dõi.","Family often worries and urges, seeing marriage as support and continuation of the line.","Gia đình hay nhắc nhở theo nề nếp, vừa lo vừa muốn “ổn định sớm”, đôi khi can thiệp sâu.","Family often reminds through norms, wanting early stability, sometimes intervening strongly.","Gia đình có thể vừa thông cảm vừa gây áp lực, lo chuyện nhà cửa, kinh tế và “chậm thì khó”.","Family may be supportive yet pressuring, worrying about housing, finances, and “it gets harder later.”","Gia đình có thể cởi mở hơn nhưng vẫn hay hỏi, đôi khi tạo áp lực tinh tế qua so sánh và kỳ vọng.","Family can be more open, but still asks often, sometimes using subtle pressure through comparison and expectations.",,health:-3,health:-2,health:-1,health:-1,,,,,,,,,,,,,Original Description: Single Space 5 | Original Action: Stat change
52,life_card,,65,Một mình vẫn ổn!,Happy By Myself!,,,"Niềm vui đến từ gia đình, con cháu, bữa cơm, thăm hỏi người thân, hoặc làm điều có ích cho người khác.","Joy comes from family, children and grandchildren, meals, visiting relatives, or doing helpful acts.","Niềm vui đến từ nề nếp và cộng đồng nhỏ, chăm sóc nhà cửa, bạn bè thân, hoặc một thú vui đều đặn.","Joy comes from routine and a small community, home care, close friends, or a steady pastime.","Niềm vui đến từ tự xây dựng cuộc sống, đạt mục tiêu, học thêm, du lịch, hoặc làm điều mình thích.","Joy comes from building life, achieving goals, learning, traveling, or doing what you enjoy.","Niềm vui đến từ trải nghiệm và sở thích cá nhân, dự án sáng tạo, cộng đồng, và chăm sóc sức khỏe tinh thần.","Joy comes from experiences and personal interests, creative projects, communities, and mental well-being.",draw:life,,,,,,,,,,,,,,,,,Original Description: Single Space 6 | Original Action: Draw a LIFE card
53,stat,,54,Rơi vào lưới tình,Plenty of Fish,"Bạn thường tìm người phù hợp bằng cách nào, và ở đâu là dễ gặp nhất với bạn?","What is your usual strategy for finding a partner, and where is the easiest place to meet someone for you?","Thường qua gia đình, họ hàng, hàng xóm, cộng đồng quen biết, ưu tiên người “có gốc gác rõ ràng”.","Often through family, relatives, neighbors, and familiar communities, prioritizing someone with a clear and trusted background.","Thường qua giới thiệu từ người quen, cơ quan, đoàn thể, bạn bè chung, coi trọng sự “đàng hoàng” và ổn định.","Often via introductions from acquaintances, workplace, organizations, mutual friends, valuing decency and stability.","Thường qua bạn bè, học hành, nơi làm việc, các buổi tụ tập, có thể chủ động tìm qua mạng nhưng vẫn thích gặp trực tiếp.","Often through friends, school, work, social gatherings, sometimes online but still preferring in-person connection.","Thường qua mạng xã hội, ứng dụng hẹn hò, cộng đồng sở thích, hoặc bạn bè giới thiệu, coi trọng hợp gu và giao tiếp nhanh.","Often via social media, dating apps, interest communities, or friend intros, valuing compatibility and fast communication.",,happiness:+4,happiness:+3,happiness:+2,happiness:+2,,,,,,,,,,,,,Original Description: Dating Space 1 | Original Action: Stat change
54,stat,,55,Gặp đúng người!,They're The One!,"Ở một người bạn đời, bạn coi trọng nhất điều gì, nêu 2 điều cụ thể?","In a life partner, what matters most to you, name two specific things.","Ưu tiên tính tử tế và trách nhiệm, biết lo cho gia đình và giữ chữ tín.","Prioritizes kindness and responsibility, caring for family and keeping trust.","Ưu tiên sự ổn định và nề nếp, chăm chỉ, biết vun vén và tôn trọng gia đình hai bên.","Prioritizes stability and proper conduct, hardworking, able to manage a household and respect both families.","Ưu tiên sự đồng hành và cùng xây dựng, tôn trọng nhau, chia sẻ gánh nặng và có mục tiêu chung.","Prioritizes companionship and building together, mutual respect, sharing burdens, shared goals.","Ưu tiên sự phù hợp và tôn trọng ranh giới, giao tiếp tốt, ủng hộ phát triển bản thân và bình đẳng.","Prioritizes compatibility and respecting boundaries, good communication, supporting self-growth and equality.",,happiness:+1,happiness:+1,happiness:+1,happiness:+1,,,,,,,,,,,,,Original Description: Dating Space 2 | Original Action: Stat change
55,stat,,56,Về chung một nhà!,Tying the Knot!,"Theo bạn, dấu hiệu rõ nhất của “nghiêm túc” trong tình yêu là gì?",What is the clearest sign of being serious in a relationship?,"Nghiêm túc là đưa về ra mắt gia đình và có lời hứa rõ ràng, đặt trách nhiệm lên trước cảm xúc nhất thời.","Seriousness means meeting the family and making clear commitments, putting responsibility before fleeting feelings.","Nghiêm túc là kế hoạch cưới hỏi và chuẩn bị đời sống, làm đúng nghi lễ và giữ thể diện cho hai bên.","Seriousness means marriage planning and life preparation, following rituals and maintaining both families’ dignity.","Nghiêm túc là cùng bàn chuyện tương lai, tài chính và chỗ ở, cưới có thể giản dị nhưng phải chắc chắn.","Seriousness means discussing future, finances, and housing, weddings can be simple but must be secure.","Nghiêm túc là thống nhất ranh giới và kế hoạch chung, có thể cưới nhỏ gọn nhưng ưu tiên sự đồng thuận và tôn trọng.","Seriousness means aligning boundaries and shared plans, weddings may be minimal but consent and respect come first.",set_relationship:married,money:-4,money:-3,money:-4,money:-5,,,,,,,,,,,,,Original Description: Dating Space 3 | Original Action: Stat change
56,checkpoint,,,Ngã rẽ con cái,Do you want kids?,"Nếu phải chọn nhanh, bạn nghiêng về có con hay không có con, và vì sao?","If you had to choose quickly, would you lean toward having children or not, and why?",Có con thường được xem là điều tự nhiên và cần thiết để nối dõi và làm tròn trách nhiệm gia đình.,Having children is often seen as natural and necessary for lineage and fulfilling family duty.,"Có con thường được xem là bổn phận và chỗ dựa về sau, gia đình mong “có nếp có tẻ” và yên bề.","Having children is often seen as duty and future support, families hope for a settled household with children.","Có con là lựa chọn quan trọng nhưng cần điều kiện, cân giữa kinh tế, nhà ở và khả năng chăm lo.","Having children is important but conditional, weighing finances, housing, and ability to provide care.","Có con là một lựa chọn chứ không bắt buộc, cân nhiều về chất lượng sống, tự do và sức khỏe tinh thần.","Having children is a choice rather than a requirement, weighing quality of life, freedom, and mental well-being.",set_relationship:married,,,,,Không có con,No Kids,57,set_children:none;happiness:+3,Có con,Have Kids,61,set_children:has_children;money:-2@turns:4;experience:+3,,,,,Original Description: Children Status? | Original Action: Pick children preference | Original Next Space: Depends on choice (57 - No kids or 61 - With kids)
57,stat,,58,Chỉ có hai ta!,It's Just Us!,"Nếu chọn không có con, lý do chính của bạn sẽ là gì, nêu một ví dụ cụ thể?","If choosing not to have kids, what would be your main reason, give one concrete example.","Không có con thường do hoàn cảnh, sức khỏe, hoặc biến động đời sống, nhiều khi là bất đắc dĩ hơn là chủ động.","Not having children is often due to circumstances, health, or life upheaval, more involuntary than chosen.","Không có con thường vì điều kiện không cho phép, lo kinh tế, nhà cửa, hoặc trách nhiệm chăm sóc người thân khác.","Often due to limited conditions, worries about finances and housing, or caregiving duties for other relatives.","Không có con có thể vì muốn tập trung ổn định cuộc sống, lo nhà cửa, công việc, hoặc chưa sẵn sàng dài hạn.","It can be to focus on stabilizing life, housing, career, or not feeling ready for a long-term commitment.","Không có con có thể vì ưu tiên tự do và chất lượng sống, lo chi phí nuôi dạy, hoặc muốn dành năng lượng cho mục tiêu khác.","It can be prioritizing freedom and quality of life, concerns about raising costs, or choosing to invest energy in other goals.",,happiness:-2,happiness:-1,happiness:+1,happiness:+3,,,,,,,,,,,,,Original Description: Child-free Space 1 | Original Action: Stat change
58,life_card,,59,Mỗi ngày một niềm vui,What Else To Do...,,,"Vui thường giản dị và gần gũi, uống trà, đi bộ, thăm họ hàng, nghe radio, trò chuyện với hàng xóm.","Fun tends to be simple and close to home, tea, walks, visiting relatives, radio, chatting with neighbors.","Vui thường là sinh hoạt đều đặn, xem chương trình cùng nhau, chơi cờ, đi chợ, ăn uống giản dị, tụ tập nhỏ với người quen.","Fun often comes from steady routines, watching shows together, chess, market trips, simple meals, small gatherings with familiar people.","Vui đa dạng hơn, cà phê, xem phim, ăn ngoài, du lịch ngắn ngày, tham gia câu lạc bộ hoặc học một lớp.","Fun becomes more varied, cafes, movies, dining out, short trips, joining clubs or taking a class.","Vui hay gắn với trải nghiệm và nội dung số, xem phim trực tuyến, chơi game đôi, tập gym, làm dự án chung, đi chơi theo gợi ý trên mạng.","Fun often ties to experiences and digital content, streaming, co-op games, gym, shared projects, outings influenced by online suggestions.",draw:life,,,,,,,,,,,,,,,,,Original Description: Child-free Space 2 | Original Action: Draw a LIFE card
59,optional_choice,,60,Nuôi thú cưng,Get a Pet!,"Bạn nghĩ nuôi thú cưng là bạn đồng hành hay gánh nặng, và bạn thích nuôi con gì nhất?","Do you see pets as companionship or a burden, and what pet would you choose?","Thú cưng thường gắn với công dụng và an ninh, nuôi chó giữ nhà hoặc nuôi để phụ việc, tình cảm thể hiện kín đáo.","Pets are often tied to function and safety, dogs for guarding or animals that help with work, affection is expressed more quietly.","Thú cưng thường được nuôi thực tế và tiết kiệm, chó mèo quen thuộc, ưu tiên dễ chăm và không tốn kém.","Pets are often kept in a practical, frugal way, familiar dogs and cats, prioritizing ease of care and low cost.","Thú cưng dần là bạn đồng hành, nuôi chó nhỏ hoặc mèo, sẵn sàng chi cho đồ ăn, tiêm phòng, chăm sóc cơ bản.","Pets increasingly become companions, small dogs or cats, with more willingness to spend on food, vaccinations, and basic care.","Thú cưng như thành viên gia đình, chuộng nhận nuôi, chăm theo lịch, mua dịch vụ, tham gia cộng đồng nuôi thú cưng, thích chó mèo và các giống phổ biến trên mạng.","Pets can feel like family members, adoption is common, care is scheduled, services are used, pet communities are popular, cats and dogs and online-popular breeds are common.",,,,,,Nuôi chó mèo cho vui!,Adopt a dog or cat!,60,money:-1@per_turn;happiness:+4;set_children:has_pet,Phiền toái lắm!,It's too much effort,60,,,,,,Original Description: Child-free Space 3 | Original Action: Stat change
60,era_card,,65,Lên kế hoạch trước!,Planning Ahead!,,,"Ưu tiên tích góp và giữ tài sản an toàn, dựa vào gia đình, để dành phòng lúc ốm đau và giữ nếp sống tiết kiệm.","Prioritizes saving and keeping assets safe, relying on family, reserving for illness, maintaining frugal habits.","Ưu tiên ổn định và chắc chắn, dựa vào lương hưu hoặc bảo hiểm, tích lũy bằng nhà cửa và tiết kiệm đều đặn.","Prioritizes stability and certainty, relying on pension or insurance, accumulating through housing and steady saving.","Ưu tiên tính toán dài hạn, vừa tiết kiệm vừa đầu tư hợp lý, mua bảo hiểm, chuẩn bị nhà ở và kế hoạch chăm sóc sức khỏe.","Prioritizes long-term planning, saving and reasonable investing, buying insurance, preparing housing and health care plans.","Ưu tiên chủ động và linh hoạt, lập quỹ dự phòng, theo dõi chi tiêu, học tài chính cá nhân, chuẩn bị nhiều kịch bản cho công việc và sức khỏe.","Prioritizes proactive flexibility, building emergency funds, tracking spending, learning personal finance, preparing multiple scenarios for work and health.",draw:era,,,,,,,,,,,,,,,,,Original Description: Child-free Space 4 | Original Action: Draw an ERA card
61,stat,,62,Con đàn cháu đống,It Takes A Village!,"Nếu muốn có con, bạn muốn bao nhiêu con, và lý do thực tế nhất là gì?","If you want children, how many would you want, and what is your most practical reason?","Thường muốn đông con hơn, vừa để nối dõi vừa để có người phụ giúp và nương tựa, nhất là khi đời sống nhiều bất trắc.","Often prefers more children, for lineage and mutual support, especially under uncertain living conditions.","Thường muốn có con để gia đình trọn vẹn và có chỗ dựa về sau, hay mong đủ nếp đủ tẻ theo kỳ vọng.","Often wants children for a complete family and future support, with common expectations around having both a son and a daughter.","Thường muốn ít con hơn để tập trung nuôi dạy, hay chọn hai con cho cân bằng kinh tế, nhà ở và giáo dục.","Often prefers fewer children to focus on upbringing, commonly two for balancing finances, housing, and education.","Thường cân nhắc kỹ và có thể chọn ít con hoặc muộn hơn, vì chi phí nuôi dạy cao, áp lực thời gian, và ưu tiên chất lượng sống.","Often weighs carefully and may choose fewer or later, due to high childrearing costs, time pressure, and quality of life priorities.",,happiness:+4;health:-3,happiness:+3;health:-3,happiness:+2;health:-2,happiness:+2;health:-2,,,,,,,,,,,,,Original Description: With Child Space 1 | Original Action: Stat change
62,era_card,,63,Tốn một gia tài,A Small Fortune,,,"Tốn nhất thường là ăn uống và thuốc men khi ốm, thêm chi phí học hành cơ bản và quần áo thay liên tục.","Often the biggest costs are food and medicine, plus basic schooling and constantly replacing clothes.","Tốn nhất thường là sinh hoạt và chăm sóc hàng ngày, đồ dùng học tập, y tế, và chi phí đi lại cho con.","Often the biggest costs are daily living and care, school supplies, health care, and transportation.","Tốn nhất thường là học phí, học thêm, gửi trẻ, nhà ở phù hợp cho con, và chi phí nâng cấp cuộc sống.","Often the biggest costs are tuition, extra classes, childcare, housing suited for kids, and lifestyle upgrades.","Tốn nhất thường là giáo dục chất lượng, dịch vụ trông trẻ, hoạt động ngoại khóa, thiết bị, và các chi phí “ẩn” như thời gian và sức khỏe tinh thần.","Often the biggest costs are quality education, childcare services, enrichment activities, devices, and hidden costs like time and mental health.",draw:era,,,,,,,,,,,,,,,,,Original Description: With Child Space 2 | Original Action: Draw an ERA card
63,life_card,,64,Tre già măng mọc,They Grow Up So Fast,,,"Ưu tiên lễ nghĩa và chịu khó, dạy con nghe lời, biết điều, biết lo cho gia đình và tự lập sớm.","Prioritizes respect and resilience, teaching obedience, propriety, family responsibility, and early self-reliance.","Ưu tiên kỷ luật và nề nếp, dạy con sống đúng mực, biết tiết kiệm, và không làm phiền người khác.","Prioritizes discipline and routine, teaching proper behavior, frugality, and not burdening others.","Ưu tiên học hành và tương lai, vừa nghiêm vừa thương, khuyến khích con vươn lên nhưng vẫn giữ khuôn phép.","Prioritizes education and future outcomes, mixing strictness with care, encouraging upward mobility within boundaries.","Ưu tiên giao tiếp và sức khỏe tinh thần, tôn trọng cá tính, đặt ranh giới rõ, quản lý thời gian màn hình và cho con quyền lựa chọn.","Prioritizes communication and mental health, respecting individuality, setting clear boundaries, managing screen time, and giving choices.",draw:life,,,,,,,,,,,,,,,,,Original Description: With Child Space 3 | Original Action: Draw a LIFE card
64,stat,,65,Chim rời tổ,Leaving the Nest,"Khi con trưởng thành và muốn ra riêng, bạn ủng hộ hay muốn con ở gần, và vì sao?","When your child becomes an adult and wants to move out, do you support it or want them to stay close, and why?","Thường mong con ở gần để đỡ đần và gắn bó, ra riêng được thì tốt nhưng vẫn ưu tiên sự sum vầy.","Often hopes children stay nearby for mutual support and closeness, moving out is good but togetherness is prioritized.","Thường muốn con ổn định và ở gần gia đình, ra riêng là cột mốc nhưng vẫn kỳ vọng con giữ nếp về nhà.","Often wants children to be stable and close to family, moving out is a milestone but returning and family routines are expected.","Thường vừa tự hào vừa lo, sẵn sàng để con đi xa vì cơ hội, nhưng muốn con giữ liên lạc và có kế hoạch.","Often feels both pride and worry, accepts children moving for opportunity, but wants contact and a plan.","Thường khuyến khích con tự lập và tôn trọng lựa chọn, nhưng duy trì gắn kết qua thói quen gọi về, thăm nhà, và ranh giới rõ ràng.","Often encourages independence and respects choice, maintaining connection through regular calls, visits, and clear boundaries.",,happiness:-1,happiness:+1,happiness:+2,happiness:+3,,,,,,,,,,,,,Original Description: With Child Space 4 | Original Action: Stat change
65,transition,,66,Nghỉ hưu thôi!,Retirement!,"Nghỉ hưu với bạn là điều đáng mong hay đáng lo, và bạn muốn làm gì nhất khi nghỉ hưu?","Is retirement something you look forward to or worry about, and what do you most want to do in retirement?","Nghỉ hưu là lúc nghỉ ngơi và quay về gia đình, ưu tiên sức khỏe, thăm con cháu và sống yên ổn.","Retirement is a time to rest and return to family, prioritizing health, visiting children and grandchildren, living peacefully.","Nghỉ hưu là chuyển sang nhịp sống đều, làm việc nhà, chăm vườn, tham gia sinh hoạt cộng đồng, và giữ sức khỏe.","Retirement shifts to steady routines, household tasks, gardening, community activities, and health maintenance.","Nghỉ hưu vừa là nghỉ vừa là làm điều mình thích, đi chơi, học thêm, làm việc nhỏ, và tận hưởng thành quả.","Retirement is both rest and doing what you enjoy, traveling, learning, small work, and enjoying achievements.","Nghỉ hưu có thể linh hoạt, làm bán thời gian nếu muốn, học online, theo đuổi sở thích, và chủ động chăm sóc sức khỏe tinh thần.","Retirement can be flexible, part-time work if desired, online learning, hobbies, and proactive mental health care.",set_occupation:retired,,,,,,,,,,,,,,,,,Original Description: Retirement! | Original Action: No more income
66,hobby_choice,,67,Tìm sở thích!,Find a Hobby!,"Khi nghỉ hưu, bạn muốn duy trì một hoạt động mỗi ngày để thấy vui và khỏe, đó là gì?","When retired, what is one daily activity you want to keep to feel happy and healthy?","Nghỉ hưu thường gắn với sinh hoạt giản dị như chăm vườn, đi bộ, đi chùa, thăm hỏi họ hàng và trông cháu.","Retirement often centers on simple routines like gardening, walking, visiting temples, checking in with relatives, and helping with grandchildren.","Hoạt động thường là thể dục nhẹ, câu lạc bộ khu phố, xem thời sự, nấu ăn, chăm nhà và gặp bạn quen.","Activities often include light exercise, neighborhood clubs, watching news, cooking, home care, and meeting familiar friends.","Nghỉ hưu hay muốn vừa nghỉ vừa tận hưởng như du lịch ngắn, tập thể dục, học một lớp, làm vườn hoặc kinh doanh nhỏ cho vui.","Retirement often includes rest plus enjoyment such as short trips, exercise, taking a class, gardening, or a small side business for fun.","Nghỉ hưu có thể theo sở thích cá nhân như tập gym, đạp xe, học online, tham gia cộng đồng, chụp ảnh, làm dự án nhỏ.","Retirement can be hobby-driven with personal interests like gym, cycling, online learning, communities, photography, and small projects.",,,,,,,,,,,,,,,,,,Original Description: Personal Life | Original Action: Stat change
67,era_card,,68,Lương hưu tính sao?,Retirement Scheme?,,,"Thường dựa vào tích lũy an toàn như đất đai, vàng, tiết kiệm và sự hỗ trợ của con cháu khi cần.","Often relies on safe assets like land, gold, savings, and support from children when needed.","Thường trông vào lương hưu và bảo hiểm y tế, kèm tiết kiệm và nhà cửa để ổn định lâu dài.","Often counts on pensions and health insurance, plus savings and housing for long-term stability.","Thường kết hợp nhiều nguồn như tiết kiệm, bảo hiểm, nhà đất và đôi khi thêm thu nhập nhỏ để chủ động hơn.","Often combines sources like savings, insurance, property, and sometimes small extra income for more control.","Thường chủ động đa kênh như quỹ dự phòng, bảo hiểm, tích lũy, đầu tư phù hợp khả năng và theo dõi tài chính cá nhân.","Often uses multiple channels like emergency funds, insurance, savings, suitable investing, and personal finance tracking.",draw:era,,,,,,,,,,,,,,,,,Original Description: Society | Original Action: Draw an ERA card
68,stat,,69,Ai còn bên bạn?,Who's in your life?,"Bạn muốn dành phần lớn thời gian nghỉ hưu với ai, và vì sao?","Who do you want to spend most of your retirement with, and why?","Thường muốn ở gần gia đình, con cháu và họ hàng vì đó là chỗ dựa và niềm vui lớn nhất.","Often wants to stay close to family, children, and relatives as the main source of support and joy.","Thường xoay quanh gia đình và hàng xóm quen, thích sự ổn định và những mối quan hệ lâu năm.","Often centers on family and familiar neighbors, preferring stability and long-standing relationships.","Thường muốn cân bằng giữa gia đình và bạn bè, có thể thêm nhóm sở thích để mở rộng đời sống.","Often wants a balance of family and friends, plus hobby groups to broaden daily life.","Thường đa dạng hơn, vừa gia đình vừa cộng đồng theo sở thích, có thể duy trì kết nối qua mạng và gặp gỡ theo lịch.","Often more diverse, combining family with interest-based communities, maintaining ties online and meeting on a schedule.",,health:+1,health:+2,health:+3,health:+3,,,,,,,,,,,,,Original Description: People | Original Action: Stat change
69,life_card,,70,Báo động sức khoẻ!,Medical Scare!,,,"Thường mong được chăm tại nhà bởi người thân, chỉ vào viện khi cần, ưu tiên sự gần gũi và yên ổn.","Often prefers home care by family, going to hospital only when necessary, prioritizing closeness and peace.","Thường tin vào bệnh viện và bác sĩ, nhưng vẫn mong gia đình ở bên hỗ trợ và chăm sóc hằng ngày.","Often trusts hospitals and doctors, while still wanting family support and daily care.","Thường muốn kết hợp dịch vụ y tế và sự chủ động, khám sớm, điều trị rõ ràng, có thể thuê người hỗ trợ khi cần.","Often prefers a mix of medical services and proactive care, early checkups, clear treatment, and paid help if needed.","Thường muốn phương án linh hoạt như khám định kỳ, dịch vụ chăm sóc tại nhà, đặt lịch nhanh, và giữ quyền riêng tư khi hồi phục.","Often prefers flexible options like regular checkups, home care services, fast scheduling, and privacy during recovery.",draw:life,,,,,,,,,,,,,,,,,Original Description: Health | Original Action: Draw a LIFE card
70,stat,,71,Thành tụu cuộc đời,Life Achievements?,"Bạn coi “thành tựu đời người” là gì, nêu 2 điều cụ thể?","What counts as a good life achievement to you, name two specific things.","Thành tựu thường là gia đình yên ấm và sống tử tế, vượt qua biến động, nuôi dạy con cháu nên người.","Achievements often mean a peaceful family and living with integrity, surviving upheaval, raising children well.","Thành tựu thường là ổn định và danh dự, có việc vững, có nhà cửa, con cái trưởng thành và gia đình nề nếp.","Achievements often mean stability and dignity, steady work, a home, children grown, a well-ordered family.","Thành tựu thường là vươn lên được và tạo nền tảng, có sự nghiệp, có tài sản, cho con học hành và sống khá hơn.","Achievements often mean upward progress and building a foundation, career, assets, education for children, a better life.","Thành tựu thường là sống đúng ý mình và bền vững, sức khỏe tốt, tự do lựa chọn, có dự án hoặc đóng góp cộng đồng.","Achievements often mean living on your own terms sustainably, good health, freedom of choice, projects or community contribution.",,experience:+1,experience:+1,experience:+1,experience:+1,,,,,,,,,,,,,Original Description: Reflection | Original Action: Stat change
71,finish,,,Kết thúc,End,,,Bạn đã hoàn thành một cuộc sống của thế hệ này. Bạn nghĩ sao về những quyết định của mình?,You've completed a life in the shoes of this generation. How do you feel about your decisions?,Bạn đã hoàn thành một cuộc sống của thế hệ này. Bạn nghĩ sao về những quyết định của mình?,You've completed a life in the shoes of this generation. How do you feel about your decisions?,Bạn đã hoàn thành một cuộc sống của thế hệ này. Bạn nghĩ sao về những quyết định của mình?,You've completed a life in the shoes of this generation. How do you feel about your decisions?,Bạn đã hoàn thành một cuộc sống của thế hệ này. Bạn nghĩ sao về những quyết định của mình?,You've completed a life in the shoes of this generation. How do you feel about your decisions?,,,,,,,,,,,,,,,,,,"Original Description: END | Original Action: Game ends here, wait for all players to reach | Original Next Space: END"
